Request_Number,Request_Type,Source,Summary,Date_Complete_Received,Decision_Communicated,Name,Number_of_Pages_Released
AG-2012-00001,General Records,Public,"A complete copy of all records including incident reports, complaint records, logs or letters received relating to the dog residing at {an address} Toronto from August 6, 2008 to present.","January 3, 2012","January 27, 2012",Disclosed in Part: Partially Exempt,16
AG-2012-00004,General Records,Business,"A copy of the fire report for {an address}. The incident occurred on December 23, 2011.","January 3, 2012","February 2, 2012",Disclosed in Part: Partially Exempt,7
AG-2012-00005,General Records,Business,"A copy of the fire report for {an address}. The incident occurred on December 23, 2011.","January 3, 2012","February 2, 2012",Disclosed in Part: Partially Exempt,14
AG-2012-00006,General Records,Public,"A copy of the fire report for {an address}. The incident occurred on July 9, 2007.","January 3, 2012","February 2, 2012",Disclosed in Part: Partially Exempt,4
AG-2012-00007,General Records,Public,A copy of the forestry report regarding a tree located at {an address}. This report was prepared for Granite Claims around September 2011.,"January 4, 2012","February 1, 2012",Disclosed in Part: No Records Exist,6
AG-2012-00008,General Records,Public,A copy of all building permits and inspections for {an address}.,"January 4, 2012","February 8, 2012",Disclosed in Part: Partially Exempt,210
AG-2012-00009,General Records,Public,"A copy of all building records for {an address} including permits, applications (issued or denied), plans, zoning applications, committee of adjustment decisions, orders, and complaints.","January 5, 2012","February 24, 2012",Disclosed in Part: Partially Exempt,312
AG-2012-00010,General Records,Business,A copy of all documents relating to complaints made to Public Health about City Park Co-operative Apartments Inc.,"January 6, 2012","February 3, 2012",Disclosed in Part: Partially Exempt,111
AG-2012-00012,General Records,Business,A copy of the access request application for #2011-01766 and the City's response. The request was relating to a contract with Humber Treatment Plant.,"January 6, 2012","January 12, 2012",Disclosed in Part: Partially Exempt,10
AG-2012-00013,General Records,Public,A copy of all resident correspondence with Toronto Parking Authority regarding Car Park 91 as well as any council decisions and Toronto Parking Authority corporate decisions regarding Car Park 91 since 1965.,"January 3, 2012","January 6, 2012",Transferred Out in Full,0
AG-2012-00014,General Records,Public,"A copy of all correspondence, notes and complaint records for {an individual}, including correspondence between the complainant and inspectors. Building and ML&Srecords from October 2011 to present.","January 4, 2012","January 20, 2012",Disclosed in Part: Partially Exempt,3
AG-2012-00015,General Records,Public,A copy of the fire inspection reports regarding the store door at {an individual}. The reports occurred because of complaints made in October 2011.,"January 4, 2012","February 2, 2012",All Disclosed,5
AG-2012-00017,General Records,Public,A copy of the by-law inspection report for {an address}.,"January 6, 2012","February 7, 2012",Disclosed in Part: Partially Exempt,16
AG-2012-00018,General Records,Public,A copy of the garage inspection report from {an address}.,"January 5, 2012","February 3, 2012",Disclosed in Part: Partially Exempt,49
AG-2012-00019,General Records,Public,"A copy of all records relating to construction at {an address}, including records regarding the wall that collapsed on May 13, 2011, records regarding the closure of the site on November 26, 2011 and permits documents.","January 9, 2012","February 6, 2012",Disclosed in Part: Partially Exempt,140
AG-2012-00020,General Records,Public,"A copy of statistics from Animal Services relating to the number of dogs, cats, and wildlife animals admitted, adopted and euthanized in 2010 and 2011.","January 9, 2012","February 1, 2012",All Disclosed,2
AG-2012-00021,General Records,Public,"A copy of the fire report for {an address}. The incident occurred on December 26, 2011. Fire Report No. F11163633.","January 9, 2012","February 7, 2012",Disclosed in Part: Partially Exempt,4
AG-2012-00022,General Records,Public,"A copy of the fire report for {an address}. The incident occurred on December 4, 2011 in the garage at 10:50 p.m.","January 9, 2012","February 7, 2012",Disclosed in Part: Partially Exempt,7
AG-2012-00023,General Records,Public,"A copy of the fire report for {an address}. The incident occurred on May 11, 2011 at the Home Depot.","January 9, 2012","January 12, 2012",Disclosed in Part: Partially Exempt,7
AG-2012-00024,General Records,Public,A copy of all building permits and records of building inspections for {24 addresses}.,"January 10, 2012","February 8, 2012",Disclosed in Part: Partially Exempt,
AG-2012-00025,General Records,Public,"A copy of all building documents for {an address}, including file no. 00-136804 and 00-328-239-01.","January 9, 2012","February 8, 2012",Disclosed in Part: No Records Exist,29
AG-2012-00027,General Records,Public,"A copy of all by-law infractions for {an address}, including all dispatched and non-dispatched called to 311 regarding this address.","January 5, 2012","February 15, 2012",Disclosed in Part: Partially Exempt,111
AG-2012-00028,General Records,Public,"A copy of the fire report for {three addresses}. The incident occurred on May 5, 2011.","January 5, 2012","February 3, 2012",Disclosed in Part: Partially Exempt,35
AG-2012-00029,General Records,Public,A copy of all documents relating to ML&S inspections completed at {an address}.,"January 5, 2012","January 30, 2012",Disclosed in Part: Partially Exempt,53
AG-2012-00030,General Records,Public,A copy of all building permits for {an address}.,"January 10, 2012","February 8, 2012",Disclosed in Part: Partially Exempt,49
AG-2012-00031,General Records,Public,"A copy of the building permit for {an address} dated May 29, 1925. Building Permit No. 88363.","January 10, 2012","February 6, 2012",Disclosed in Part: Partially Exempt,2
AG-2012-00032,General Records,Public,"A copy of all building permits on file prior to 1970 regarding {an address}, or any relevant documentation stating that this property is a legal 8-plex property.","January 10, 2012","February 6, 2012",Disclosed in Part: Partially Exempt,4
AG-2012-00039,General Records,Public,"A copy of the fire report for {an address}. The incident occurred on October 31, 2009. Fire Report No. F09122689.","January 10, 2012","February 7, 2012",Disclosed in Part: Partially Exempt,39
AG-2012-00040,General Records,Public,"A copy of any video footage of the Southbound Don Valley Parkway, south of Eglinton Avenue from October 9, 2008 at 3:30 a.m.","January 18, 2012","January 31, 2012",No Records Exist,0
AG-2012-00041,General Records,Public,"A copy of the video footage of Eglinton Avenue East and Birchmount Road from November 14, 2011 at 4:55 p.m.","January 11, 2012","February 7, 2012",No Records Exist,0
AG-2012-00044,General Records,Public,"A copy of the fire report for {an address}. The incident occurred on July 23, 2011 at 17:05. Fire Report No. F11084055.","January 6, 2012","February 6, 2012",Disclosed in Part: Partially Exempt,2
AG-2012-00045,General Records,Public,A copy of the most recent annual average and the last four quarterly average laboratory test results for the drinking water coming from the filtration plant(s) that serves {an address} and {an address}.,"January 11, 2012","January 25, 2012",All Disclosed,7
AG-2012-00046,General Records,Public,"A copy of the report and investigation file regarding the dog bite incident near {an address} on October 31, 2011.","January 11, 2012","February 9, 2012",Disclosed in Part: Partially Exempt,10
AG-2012-00047,General Records,Public,"A copy of the fire report for {an address}. The incident occurred on April 1, 2011.","January 11, 2012","February 10, 2012",Disclosed in Part: Partially Exempt,14
AG-2012-00048,General Records,Public,"A copy of the building files for {an address}, including file no.'s: 1994 014786 BLD HH 359 398 and 1994 016238 BLD 00 HH 360 850.","January 11, 2012","January 25, 2012",Disclosed in Part: Partially Exempt,52
AG-2012-00049,General Records,Public,"A copy of the parking infraction information regarding the parking infraction no. AT 502546. The infraction occurred on September 17, 2010.","January 11, 2012","February 10, 2012",All Disclosed,6
AG-2012-00050,General Records,Public,"A copy of all building permits, minor variances and committee of adjustment decisions for {an address}.","January 11, 2012","February 16, 2012",Disclosed in Part: Partially Exempt,165
AG-2012-00051,General Records,Public,A copy of all annual employment compensation for {an employee} while she was employed with the City of North York. She began employment around 1984.,"January 11, 2012","February 1, 2012",No Records Exist,0
AG-2012-00052,General Records,Public,"A copy of records regarding the main sewer back up near Trestleside Grove on May 7, 2010. Specifically if other properties reported flooding on May 7th from {Lynvalley Crescent} or {Trestle Grove} and when the city was first notified of the issue.","January 12, 2012","February 7, 2012",Disclosed in Part: Partially Exempt,8
AG-2012-00053,General Records,Public,"A copy of all records relating to the inspection that occurred at {an address} on October 20, 2011.","January 12, 2012","February 7, 2012",All Disclosed,5
AG-2012-00057,General Records,Business,"A copy of the fire report for {an address}. The incident occurred on December 17, 2011.","January 11, 2012","February 10, 2012",Disclosed in Part: Partially Exempt,10
AG-2012-00057,General Records,Business,"A copy of the fire report for {an address}. The incident occurred on December 17, 2011.","January 11, 2012","February 10, 2012",Disclosed in Part: Partially Exempt,3
AG-2012-00058,General Records,Business,"A copy of the fire report for {an address}. The incident occurred on December 16, 2011.","January 11, 2012","February 10, 2012",Disclosed in Part: Partially Exempt,17
AG-2012-00059,General Records,Business,"A copy of the fire report for {an address}. The incident occurred on April 30, 2011.","January 12, 2012","February 16, 2012",Disclosed in Part: Partially Exempt,20
AG-2012-00059,General Records,Business,"A copy of the fire report for {an address}. The incident occurred on April 30, 2011.","January 12, 2012","February 16, 2012",Disclosed in Part: Partially Exempt,4
AG-2012-00061,General Records,Business,"A copy of the fire report for {an address}. The incident occurred on December 17, 2011.","January 13, 2012","February 13, 2012",Disclosed in Part: Partially Exempt,9
AG-2012-00062,General Records,Business,"A copy of the fire report for {an address}, Scarborough. The incident occurred on November 10, 2011.","January 13, 2012","February 13, 2012",Disclosed in Part: Partially Exempt,19
AG-2012-00063,General Records,Public,"A copy of the fire report for the motor vehicle accident at HWY 401 approaching Port Union Road. The incident occurred on July 1, 2010 at approx. 4:00 a.m.","January 13, 2012","February 16, 2012",Disclosed in Part: Partially Exempt,3
AG-2012-00064,General Records,Public,"A copy of the zoning review/PPR records relating to {an address}, including the results, notice, and application. Zoning review #09 163 143.","January 13, 2012","January 25, 2012",Disclosed in Part: Partially Exempt,14
AG-2012-00065,General Records,Public,A copy of the building permits and related correspondence for {an address}.,"January 13, 2012","February 13, 2012",Disclosed in Part: Partially Exempt,108
AG-2012-00066,General Records,Public,"A copy of the Public Health report for mould at {an address}. The inspection occurred on November 29, 2011 at 2:00 p.m. Also include any additional notes or documents related to the inspection.","January 12, 2012","February 7, 2012",All Disclosed,5
AG-2012-00067,General Records,Business,"A copy of all documents related to the fire that occurred at {an address}, Scarborough. The incident occurred on February 15, 2006.","January 16, 2012","February 10, 2012",Disclosed in Part: Partially Exempt,74
AG-2012-00068,General Records,Business,"A copy of all documents related to the fire at {an address}. The incident occurred on July 20, 2008.","January 16, 2012","February 10, 2012",Disclosed in Part: No Records Exist,232
AG-2012-00076,General Records,Business,"A copy of the fire report for {an address}, Scarborough. The incident occurred adjacent to the property on November 10, 2011.","January 16, 2012","February 16, 2012",Disclosed in Part: Partially Exempt,19
AG-2012-00077,General Records,Business,"A copy of the fire report for {an address}. The incident occurred on December 14, 2011.","January 16, 2012","February 15, 2012",Disclosed in Part: Partially Exempt,12
AG-2012-00078,General Records,Business,"A copy of the fire report for {an address}. The incident occurred on December 31, 2011.","January 16, 2012","February 15, 2012",Disclosed in Part: Partially Exempt,12
AG-2012-00080,General Records,Public,"A copy of the reports related to the dog bite incident at {an address}. The incident occurred on September 3, 2010 around 3:30 p.m.","January 17, 2012","February 13, 2012",Disclosed in Part: Partially Exempt,2
AG-2012-00081,General Records,Public,"A copy of the fire safety inspection report for {an address}, Scarborough, including the results and/or orders issued to landlord and expected completion dates. Also all building permits issued between August  2011 and January 2012.","January 13, 2012","February 13, 2012",Disclosed in Part: Partially Exempt,13
AG-2012-00082,General Records,Public,"A copy of the PFR documents pertaining to tree examinations and tree removals for {an address}, including the arborist report.","January 16, 2012","February 10, 2012",Abandoned/Withdrawn by Applicant,0
AG-2012-00083,General Records,Business,A copy of the permit applicant's name and address for all active permit files for {an address} and the date of each permit.,"January 16, 2012","February 13, 2012",Disclosed in Part: Partially Exempt,75
AG-2012-00084,General Records,Public,"A copy of the building permit records regarding {an address} from November 14, 2003 to present.","January 18, 2012","February 12, 2012",Disclosed in Part: Partially Exempt,13
AG-2012-00086,General Records,Government,"A copy of a public garage license issued at {an address}, including the application date, the issue date and the expiry date.","January 17, 2012","February 10, 2012",All Disclosed,1
AG-2012-00087,General Records,Public,"A copy of any correspondence on file regarding the inspections during construction for {an address}, including any HVAC and construction correspondence.","January 17, 2012","February 16, 2012",Disclosed in Part: Partially Exempt,24
AG-2012-00088,General Records,Business,"A copy of the fire report for {an address}. The incident occurred on December 28, 2011. Fire Report No. F11164255.","January 17, 2012","February 16, 2012",Disclosed in Part: Partially Exempt,13
AG-2012-00089,General Records,Business,"A copy of the fire report for {an address}. The incident occurred on December 9, 2011. Fire Report No. F11156614.","January 17, 2012","February 16, 2012",Disclosed in Part: Partially Exempt,12
AG-2012-00090,General Records,Business,"A copy of the fire report for {an address}, Scarborough. The incident occurred November 28, 2011.","January 18, 2012","February 16, 2012",Disclosed in Part: Partially Exempt,10
AG-2012-00091,General Records,Business,"A copy of the fire report for {an address}. The incident occurred on December 8, 2011.","January 18, 2012","February 16, 2012",Disclosed in Part: Partially Exempt,28
AG-2012-00092,General Records,Business,"A copy of the fire report for {an address}. The incident occurred on December 11, 2011.","January 18, 2012","February 16, 2012",Disclosed in Part: Partially Exempt,8
AG-2012-00093,General Records,Public,"A copy of the permitted use letter for the sale of propane exchange for {an address}, North York.","January 17, 2012","February 16, 2012",All Disclosed,3
AG-2012-00094,General Records,Business,"A copy of the fire report for {an address}. The incident occurred on January 7, 2012.","January 20, 2012","February 17, 2012",Disclosed in Part: Partially Exempt,12
AG-2012-00095,General Records,Public,"A copy of all records relating to the Public Health inspection at {an address}, between June and August 2008.","January 18, 2012","February 12, 2012",All Disclosed,19
AG-2012-00096,General Records,Public,A copy of all building permits and records of work conducted by the City for {an address}.,"January 18, 2012","February 14, 2012",Disclosed in Part: Partially Exempt,9
AG-2012-00097,General Records,Business,"A copy of the RESCU camera recordings/photos from Bay Street and Lakeshore on January 11, 2012, between 22:40 and 23:00.","January 19, 2012","February 16, 2012",All Disclosed,4
AG-2012-00098,General Records,Business,"A copy of the results from the Public Health investigation regarding the illness/outbreak that staff of Elte Carpets had suffered after a holiday party held at the Eglinton Grand on November 25, 2011.","January 19, 2012","February 6, 2012",All Disclosed,2
AG-2012-00099,General Records,Public,"A copy of all engineering studies regarding the storm sewer and sewer systems located at Bowes Garden Court, specifically dealing with the side of the Court south of Mildock Drive. Also any and all documents regarding the sewers with this street.","January 19, 2012","February 9, 2012",No Records Exist,0
AG-2012-00100,General Records,Business,"A copy of information regarding the last fire inspection of {an address} prior to April 3, 2010, details of the general contractor who was undertaking renovations in April, 2010, and any fire investigation documents from the April 3, 2010 fire.","January 19, 2012","February 17, 2012",Disclosed in Part: No Records Exist,92
AG-2012-00101,General Records,Business,"A copy of all documents from Fire Services pertaining to {an address}, including applications, permits, inspections, notes, reports, diagrams, etc.","January 19, 2012","February 7, 2012",No Records Exist,0
AG-2012-00103,General Records,Media,An electronic list showing the numbers and percentages of pupils at all Toronto schools who have received the vaccinations required by law.,"January 19, 2012","February 17, 2012",No Records Exist,0
AG-2012-00104,General Records,Business,"A copy of the fire report for {an address}. The incident occurred on December 20, 2011. Fire Report No. F11161005.","January 19, 2012","February 21, 2012",Disclosed in Part: Partially Exempt,12
AG-2012-00105,General Records,Media,"An electronic document showing the location, seriousness and other details of all reported collisions involving (1) motor vehicles and (2) motorcycles for the last 10 complete years available.","January 19, 2012","February 16, 2012",All Disclosed,1
AG-2012-00106,General Records,Public,"A copy of the fire report for {an address}. The incident occurred on January 6, 2012.","January 19, 2012","February 16, 2012",No Records Exist,0
AG-2012-00107,General Records,Business,"A copy of the fire report for Ossington subway station. The incident occurred on February 4, 2010.","January 19, 2012","February 16, 2012",Disclosed in Part: Partially Exempt,4
AG-2012-00108,General Records,Business,"A copy of the fire report for {an address}. The incident occurred on December 14, 2011.","January 19, 2012","February 16, 2012",Disclosed in Part: Partially Exempt,14
AG-2012-00109,General Records,Business,"A copy of the fire report for {an address}. The incident occurred on January 7, 2012.","January 20, 2012","February 21, 2012",Disclosed in Part: Partially Exempt,9
AG-2012-00110,General Records,Business,"A copy of the fire report for {an address}. The incident occurred on January 9, 2012.","January 20, 2012","March 5, 2012",Disclosed in Part: Partially Exempt,204
AG-2012-00114,General Records,Public,A copy of the work order issued to Greenwin to replace the bath tub and change the medicine cabinet.,"January 19, 2012","February 14, 2012",All Disclosed,7
AG-2012-00115,General Records,Public,"A copy of the PFR documents regarding {an address}, including the arborist reports, inspections, calls for service, hand written reports, and stumping reports from 2006 to 2011.","January 20, 2012","January 31, 2012",Disclosed in Part: Partially Exempt,5
AG-2012-00116,General Records,Public,"A copy of the Local 416 Seniority List that shows employee name, seniority date, base clasification, division & section as to the collective agreement 2009-2011. Seniority lists that reflect Jan., March, May, July, Sept., Nov., 2011 and Jan. 2012.","January 23, 2012","February 22, 2012",Nothing Disclosed (exemption),0
AG-2012-00117,General Records,Business,"A copy of all information related to the storm sewer that was struck during drilling on Via Cassia Drive. The incident occurred on December 9, 2011. Include names of all emergency crew on site, what was discussed, when the sewer was flushed, ect.","January 23, 2012","February 22, 2012",Disclosed in Part: Partially Exempt,6
AG-2012-00118,General Records,Public,"A copy of all documents related to AFI International Group Inc (formerly known as AccuFax Investigations) and ISB Canada from January 2010 to present. Records including any contracts, responses to FRP's. REOI's, RFQ's, emails, invoices, future contracts.","January 23, 2012","February 22, 2012",Nothing Disclosed (excluded),231
AG-2012-00119,General Records,Public,"A copy of all records regarding any dealings between the City and staffing temporary Patriot Source 1 (or PS1) located in Milton, including contracts, responses to City RRFO, RFQ, REOI, emails, invoices, city locations where PS1 is present, etc.","January 23, 2012","February 24, 2012",Nothing Disclosed (excluded),0
AG-2012-00120,General Records,Business,A copy of the aggregate data from the Shelter Managment Information System for a total of all admissions and the number admitted 50 years and older in all shelters for 2011.,"January 24, 2012","February 22, 2012",All Disclosed,2
AG-2012-00123,General Records,Public,A copy of the bed bug report for {an address}.,"January 24, 2012","February 22, 2012",Disclosed in Part: Partially Exempt,65
AG-2012-00125,General Records,Business,"A copy of documents related to the TB SUB 2001 0001 Toryork Drive & Milvan Drive including stormwater/sewer applications, reports and records.","January 24, 2012","February 23, 2012",All Disclosed,73
AG-2012-00126,General Records,Public,A copy of the inspection report and notes regarding a grow-op at {an address}. File No. PRS IR Folder 2008 220628.,"January 20, 2012","February 12, 2012",Disclosed in Part: Partially Exempt,7
AG-2012-00127,General Records,Public,"A copy of the ML&S file for {an address}, Scarborough. The folder no. 11 178616 WST 00 IV.","January 23, 2012","February 21, 2012",Disclosed in Part: Partially Exempt,52
AG-2012-00128,General Records,Association,A list of Fire Service responses to complaints about outdoor bake oven use at {an address} from 2005 to present. The list should include the date of Fire response and the cost of each visit.,"January 24, 2012","February 15, 2012",Disclosed in Part: Partially Exempt,20
AG-2012-00130,General Records,Public,"A copy of the inspection reports for {an address}, including the building application, zoning confirmation, and HVAC, plumbing, and electric reports.","January 20, 2012","February 2, 2012",Abandoned/Withdrawn by Applicant,0
AG-2012-00131,General Records,Business,A copy of all sewer maintenance records for {an addresst} from June 2006 to present.,"January 24, 2012","January 31, 2012",Disclosed in Part: Partially Exempt,9
AG-2012-00132,General Records,Business,A copy of the ML&S inspection report no. B01659 regarding {an address}. The inspection was completed in 2010.,"January 24, 2012","February 22, 2012",All Disclosed,20
AG-2012-00133,General Records,Business,"A copy of all records and communications with Building, Planning, Urban Design, and Committee of Adjustments regarding {an address} from October 2010 to present.","January 24, 2012","February 22, 2012",Disclosed in Part: Partially Exempt,398
AG-2012-00139,General Records,Public,"A copy of the directory for Ontario Works client case files, including client interview sheets, initial applications, proof of citizenship, and employment change and station statements for current and archival client files.","January 25, 2012","January 31, 2012",Abandoned/Withdrawn by Applicant,0
AG-2012-00140,General Records,Public,"A copy of the permit records and utility records (water, sewage, and garbage) for an {address}.","January 24, 2012","February 27, 2012",Nothing Disclosed (exemption),0
AG-2012-00141,General Records,Business,"A copy of the fire report for {an address}. The incident occurred on January 1, 2012.","January 23, 2012","February 22, 2012",Disclosed in Part: Partially Exempt,32
AG-2012-00142,General Records,Business,"A copy of the fire report for {an address}. The incident occurred on December 21, 2011.","January 23, 2012","February 22, 2012",Disclosed in Part: Partially Exempt,10
AG-2012-00143,General Records,Business,"A copy of the fire report for {an address}, Scarborough. The incident occurred on September 18, 2011.","January 23, 2012","February 22, 2012",Disclosed in Part: Partially Exempt,22
AG-2012-00144,General Records,Business,"A copy of the fire report for {an address}, Etobicoke. The incident occurred on January 1, 2012.","January 24, 2012","February 23, 2012",Disclosed in Part: Partially Exempt,32
AG-2012-00145,General Records,Business,"A copy of the fire report for {an address}. The incident occurred on January 4, 2012.","January 24, 2012","February 23, 2012",Disclosed in Part: Partially Exempt,14
AG-2012-00146,General Records,Business,"A copy of the fire report for {an address}. The incident occurred on January 11, 2012.","January 24, 2012","February 23, 2012",Disclosed in Part: Partially Exempt,10
AG-2012-00147,General Records,Business,"A copy of the fire report for {an address}, Scarborough. The incident occurred on December 22, 2011. Fire report No. F11161939.","January 25, 2012","February 24, 2012",Disclosed in Part: Partially Exempt,12
AG-2012-00148,General Records,Business,"A copy of the fire report for {an address}. The incident occurred on October 1, 2011.","January 25, 2012","February 24, 2012",Disclosed in Part: Partially Exempt,9
AG-2012-00149,General Records,Business,"A copy of the fire report for {an address}. The incident occurred on January 18, 2012.","January 25, 2012","February 24, 2012",Disclosed in Part: Partially Exempt,9
AG-2012-00150,General Records,Business,"A copy of the fire report for {an address}. The incident occurred on January 8, 2012.","January 26, 2012","February 24, 2012",Disclosed in Part: Partially Exempt,9
AG-2012-00151,General Records,Public,"A copy of the following building files regarding {an address}: 217076, 217428, and 218711.","January 25, 2012","February 22, 2012",All Disclosed,25
AG-2012-00152,General Records,Public,"A copy of the engineer reports, inspection reports, inspection notes, original renovation permit details and permit no. 11-103045 for {an address}.","January 25, 2012","February 23, 2012",Disclosed in Part: Partially Exempt,40
AG-2012-00153,General Records,Public,"A copy of all invoices, bills or payment certificates issued by Comer Group Ltd and the City relating to contract no. 09EY-21WS in connection with the reports of extra work completed on Roncesvalles Avenue. Also water main break records.","January 26, 2012","February 28, 2012",Disclosed in Part: Partially Exempt,46
AG-2012-00154,General Records,Public,"A copy of the building permit no. 10281497 and the building inspector clearance letter dated Jan. 26, 2012 regarding {an address}.","January 26, 2012","February 23, 2012",Disclosed in Part: Partially Exempt,34
AG-2012-00155,General Records,Public,"A copy of the tax bills for {an address} for the following years: 1977, 1986, 1999, and 2005.","January 26, 2012","February 27, 2012",Disclosed in Part: Partially Exempt,5
AG-2012-00156,General Records,Public,"A copy of the documents provided to the city with respect to a permit that was obtained in the fall of 2011 to remove a tree on {an address}, East York, including any inspection reports and permit applications.","January 27, 2012","February 24, 2012",Disclosed in Part: Partially Exempt,15
AG-2012-00157,General Records,Public,A copy of the document stating that {an address} meets the safety standard codes for the wood burning stove. The fire inspection report no. 11046784.,"January 27, 2012","February 29, 2012",Disclosed in Part: Partially Exempt,6
AG-2012-00158,General Records,Public,"A copy of any records regarding the dog attack near {an address}, Scarborough. The incident occurred on December 5, 2011.","January 27, 2012","February 22, 2012",Disclosed in Part: Partially Exempt,13
AG-2012-00159,General Records,Business,"A copy of all work permits, values and diagrams from 2005 onwards regarding {an address}, North York.","January 27, 2012","February 24, 2012",All Disclosed,150
AG-2012-00166,General Records,Business,A copy of the building inspector notes and records of the renovation at {an address} between October 2007 and December 2008.,"January 27, 2012","February 22, 2012",Disclosed in Part: Partially Exempt,36
AG-2012-00167,General Records,Public,A copy of records showing the number of zoo passes issued from May 2011 to January 2012 and information on discussions with Parks Canada on the process to establish Rouge National Urban Park.,"January 27, 2012","February 27, 2012",Disclosed in Part: No Records Exist,1
AG-2012-00168,General Records,Business,"A copy of all documents relating to {an address}, specifically all documents relating to signage and permits.","January 27, 2012","March 19, 2012",Disclosed in Part: Partially Exempt,868
AG-2012-00169,General Records,Public,A copy of all ML&S records regarding {an address}.,"January 27, 2012","February 27, 2012",Disclosed in Part: Partially Exempt,41
AG-2012-00170,General Records,Public,A copy of records relating to the tree cutting at {an address} in June 2011.,"January 30, 2012","February 29, 2012",All Disclosed,6
AG-2012-00171,General Records,Public,"A copy of all receipts, payments, permits, inspection records and other records that were required in order for renovation to be completed at {an address}. Payment records should be from February 1 to December 1, 2011.","January 25, 2012","February 23, 2012",Disclosed in Part: Partially Exempt,30
AG-2012-00173,General Records,Public,A copy of all fire reports for {an address} between 2005 and 2012.,"January 26, 2012","February 28, 2012",Disclosed in Part: Partially Exempt,10
AG-2012-00174,General Records,Public,A copy of any building documents for {an address} from 1995 to present.,"January 26, 2012","February 23, 2012",Disclosed in Part: Partially Exempt,73
AG-2012-00175,General Records,Business,"A copy of the fire report for {an address}. The incident occurred on January 15, 2012.","January 27, 2012","February 28, 2012",Disclosed in Part: Partially Exempt,7
AG-2012-00176,General Records,Business,"A copy of the fire report for {an address}. The incident occurred on February 12, 2011.","January 27, 2012","February 28, 2012",Disclosed in Part: Partially Exempt,10
AG-2012-00177,General Records,Business,"A copy of the fire report for {an address}, Scarborough. The incident occurred on January 22, 2012.","January 30, 2012","February 29, 2012",Disclosed in Part: Partially Exempt,12
AG-2012-00178,General Records,Public,A copy of the Public Health report regarding water issues at {an address} including any conversation reports.,"January 26, 2012","February 21, 2012",Disclosed in Part: Partially Exempt,3
AG-2012-00179,General Records,Public,A copy of the fire safety inspection report pertaining to {an address}.,"January 26, 2012","February 27, 2012",Disclosed in Part: No Records Exist,13
AG-2012-00180,General Records,Media,A list that details the name of any and all electronic databases or datasets operated by any of the city divisions. The list should include a summary explaining what kind of information each database contains as well as file format.,"January 31, 2012","March 1, 2012",All Disclosed,101
AG-2012-00181,General Records,Public,"A copy of the accident report for a skating collision at Hodgson Public School rink on January 5, 2012. The incident occurred around 4:30 p.m. and {an individual} was taken to Sunnybrook Hospital by ambulance.","January 31, 2012","February 24, 2012",Disclosed in Part: Partially Exempt,1
AG-2012-00182,General Records,Business,"A copy of all records relating to the Government Management Committee Item 31.19 Healthy Vending Criteria, specifically records relating to the Council's request to PFR to ensure an abundant supply of drinking water be available in arenas and centres.","January 31, 2012","March 1, 2012",All Disclosed,86
AG-2012-00183,General Records,Public,A copy of the geotechnical report or soil condition report for {an address} dated in the 1950's.,"January 30, 2012","February 3, 2012",No Records Exist,0
AG-2012-00184,General Records,Public,A copy of the inspection reports for {two addresses}. The inspection at {an address} was for a leaking eaves approx.10 years ago and the inspection at {an address} was for garbage approx. 5 years ago.,"January 30, 2012","February 24, 2012",Disclosed in Part: Partially Exempt,22
AG-2012-00188,General Records,Business,"A copy of any records regarding the sewer back up at {an address} around September 13, 2011, including insoections, maintenance and service records from 1980 to present.","February 1, 2012","March 1, 2012",All Disclosed,3
AG-2012-00189,General Records,Public,"A copy of report filed by C.F.I.A. regarding an incident that was reported on October 28, 2011 to the C.F.I.A. and Public Health. The incident was with respect to food sold at {an address}. File No. 12044.","February 1, 2012","February 28, 2012",Disclosed in Part: Partially Exempt,22
AG-2012-00190,General Records,Business,"A copy of the fire report for {an address}, Scarborough. The incident occurred on January 19, 2012.","February 1, 2012","March 2, 2012",Disclosed in Part: Partially Exempt,7
AG-2012-00191,General Records,Media,"A copy of all financial records relating to Mayor Ford and Councillor Ford's Cut the Waist Challenge, including invoices and receipts for the printing of banners and posters, domain hosting and web design and graphics used on the weekly weigh-in scale.","February 1, 2012","February 24, 2012",Disclosed in Part: Partially Exempt,2
AG-2012-00192,General Records,Business,"A copy of the Public Health report regarding an incident at The Eglinton Grand/Eglinton Event. The incident occurred on November 25, 2011.","February 2, 2012","February 23, 2012",All Disclosed,20
AG-2012-00193,General Records,Public,"A copy of the building records for {an address}, including file no.'s 44216 and 223043.","February 1, 2012","March 2, 2012",Disclosed in Part: Partially Exempt,71
AG-2012-00194,General Records,Public,A copy of the building permit with respect to an extension of the house at {an address}.,"February 2, 2012","March 20, 2012",All Disclosed,26
AG-2012-00199,General Records,Public,"A copy of the fire report for a motor vehicle incident on Ennerdale Road near Rochdale Avenue. The incident occurred on May 2, 2010 at 11:15 p.m.","February 2, 2012","March 2, 2012",Disclosed in Part: Partially Exempt,3
AG-2012-00200,General Records,Business,"A copy of the fire report for {an address}. The incident occurred on September 18, 2011.","February 2, 2012","March 2, 2012",Disclosed in Part: Partially Exempt,14
AG-2012-00201,General Records,Business,"A copy of the fire report for {an address}. The incident occurred on December 23, 2011.","February 3, 2012","March 5, 2012",Disclosed in Part: Partially Exempt,7
AG-2012-00202,General Records,Business,"A copy of the fire report for {an address}. The incident occurred on January 17, 2012. Fire Report No. F12006411.","February 3, 2012","March 5, 2012",Disclosed in Part: Partially Exempt,3
AG-2012-00203,General Records,Public,A copy of the legal opinion by the City Solicitor regarding the lease of the Boardwalk Cafe at 1681 Lakeshore Blvd. East. The tenant is Tuggs Restaurant.,"February 2, 2012","February 12, 2012",Nothing Disclosed (exemption),0
AG-2012-00204,General Records,Public,A copy of the fire prevention report for {an address}.,"February 2, 2012","February 10, 2012",Disclosed in Part: Partially Exempt,35
AG-2012-00205,General Records,Public,A copy of the Public Health inspection  reports for a hot dog cart from 1999 to 2006.,"February 2, 2012","March 1, 2012",No Records Exist,0
AG-2012-00206,General Records,Public,"A copy of the building inspection notes from November 2011 onward for {an address} and the administrative party hall permit for {338 Carlton Street}, including zoning records and permits.","February 2, 2012","February 27, 2012",Disclosed in Part: Partially Exempt,22
AG-2012-00207,General Records,Business,"A copy of documents from Toronto Fire Service Communications and Operational Division and the Fire Prevention Office regarding orders, expectations, guidelines, studies, procedures, memos regarding sick time, complaints, reports, and investigations.","February 2, 2012","March 1, 2012",Disclosed in Part: Partially Exempt,247
AG-2012-00208,General Records,Business,"A copy of documents showing who completed work at The Queensway and The West Mall on or about July 12, 2010, including any documents outlining liability, notes from the damage, engineering documents, records regarding liability or insurance certificates.","February 3, 2012","March 2, 2012",Disclosed in Part: No Records Exist,45
AG-2012-00210,General Records,Public,A copy of health inspection report for {an address}.  The inspection was done in November 2011 relating to mold problem.,"February 2, 2012","March 1, 2012",Disclosed in Part: Partially Exempt,33
AG-2012-00211,General Records,Public,"A copy of building file for {an address}.  The permit numbers are 77279, 10272 and 351434.","February 3, 2012","March 1, 2012",Disclosed in Part: Partially Exempt,12
AG-2012-00212,General Records,Public,A copy of the noise assessment that was submitted to the CIty for Bloke & 4th located at {an address}.  The noise assessment should have been submittted with the application for the entertainment license.,"February 6, 2012","February 12, 2012",All Disclosed,5
AG-2012-00213,General Records,Public,"A copy of the annual Tobacco Control Manager Report, located within the Tobacco Inspection System under the SFAO from 2001 to present. Records to include data for all SFAO inspection activities.","February 6, 2012","March 2, 2012",Disclosed in Part: No Records Exist,11
AG-2012-00214,General Records,Public,A copy of the building permit for {an address}.,"February 6, 2012","February 28, 2012",Disclosed in Part: Partially Exempt,25
AG-2012-00215,General Records,Public,"A copy of the records relating to the storm drain issues at {an address}. The overloading of the storm drain resulted in a flood on August 9, 21 and September 5, 2011.","February 7, 2012","February 24, 2012",Disclosed in Part: Partially Exempt,50
AG-2012-00217,General Records,Public,"A copy of the fire report for {an address}, including any documents showing the cause of fire.","February 16, 2012","March 14, 2012",Disclosed in Part: Partially Exempt,9
AG-2012-00220,General Records,Business,"A copy of the fire report for {an address}. The incident occurred on January 30, 2012. Fire Report No. F12011496.","February 6, 2012","March 7, 2012",Disclosed in Part: Partially Exempt,9
AG-2012-00221,General Records,Public,"A copy of the fire report for {an address}. The incident occurred on January 10, 2010.","February 6, 2012","March 7, 2012",Disclosed in Part: Partially Exempt,13
AG-2012-00222,General Records,Business,"A copy of the fire report from December 17, 2011. Fire Report No. F11159741.","February 7, 2012","March 7, 2012",Disclosed in Part: Partially Exempt,9
AG-2012-00223,General Records,Business,"A copy of the fire report for {an address}. The incident occurred on January 21, 2012.","February 7, 2012","March 7, 2012",Disclosed in Part: Partially Exempt,13
AG-2012-00224,General Records,Public,A copy of any violations for {an address} for the past 15 years including any investigation and charges records.  Property had been known to have grow op activities in the past.,"February 7, 2012","March 5, 2012",Disclosed in Part: Partially Exempt,73
AG-2012-00225,General Records,Public,"A copy of the building files and inspections for {an address} including file no. 09-163616 BLD PLB and 09-196881 BLD PCP, HVA.","February 8, 2012","February 28, 2012",Disclosed in Part: Partially Exempt,33
AG-2012-00226,General Records,Public,"A copy of the records pertaining to heat issues at {an address} on January 25, 2010. The file no. 11-106330.","February 7, 2012","March 7, 2012",Disclosed in Part: Partially Exempt,7
AG-2012-00227,General Records,Public,"A copy of the internet browsing history of Mayor Ford and Councillor Doug Ford, obtained from the server if possible, including all web programs (i.e. Internet Explorer, Google, Chrome, Mozilla Fire Fox, etc.) since January 1, 2010.","February 8, 2012","February 23, 2012",No Records Exist,0
AG-2012-00228,General Records,Public,"A copy of all emails between {an address} and addresses with the domain ""sunmedia.ca"" from January 1, 2011 to November 29, 2011.  ","February 8, 2012","March 26, 2012",Disclosed in Part: Partially Exempt,172
AG-2012-00230,General Records,Public,"A list of the number of employees for each department and a breakdown of full-time, part-time, and seasonal staff. Also a breakdown of the number of injuries and types of injuries in each department and how long the individuals were off the job.","February 8, 2012","March 2, 2012",All Disclosed,3
AG-2012-00231,General Records,Public,A copy of all meeting minutes and paper and electronic correspondence with respect to ML&S file no. 49194.,"February 8, 2012","March 23, 2012",Nothing Disclosed (excluded),0
AG-2012-00231,General Records,Public,A copy of all meeting minutes and paper and electronic correspondence with respect to ML&S file no. 49194.,"February 8, 2012","March 23, 2012",Nothing Disclosed (excluded),0
AG-2012-00232,General Records,Business,A copy of any maintenance or inspections records relating to the tree at {an address}.,"February 8, 2012","March 9, 2012",Disclosed in Part: Partially Exempt,8
AG-2012-00233,General Records,Business,"A copy of the fire report for {an address}, Etobicoke. The incident occurred on March 16, 2010. Fire Report No. F10029061.","February 8, 2012","March 9, 2012",Disclosed in Part: Partially Exempt,10
AG-2012-00234,General Records,Public,"A copy of the fire report for {an address}. The incident occurred on August 13, 2008.","February 8, 2012","March 7, 2012",Disclosed in Part: Partially Exempt,6
AG-2012-00235,General Records,Business,A copy of all records relating to water and sewer main repair at {an address} from January 2008 to present.,"February 9, 2012","February 29, 2012",Disclosed in Part: Partially Exempt,30
AG-2012-00236,General Records,Public,A copy of the Realty Tax payments from 2009 to 2012 for {an address} including penalties.,"February 9, 2012","March 7, 2012",All Disclosed,13
AG-2012-00238,General Records,Business,"A copy of building permits, building history, zoning studies for {an address} and the site north of this property for the past 25 years.","February 9, 2012","February 29, 2012",Disclosed in Part: Partially Exempt,40
AG-2012-00239,General Records,Business,"A copy of all building responses, violation records, orders to comply, work permits, demolition permits for {an address}, North York, from 2005 to present.","February 9, 2012","March 2, 2012",Disclosed in Part: Partially Exempt,101
AG-2012-00240,General Records,Public,"A copy of any documents relating to the complaint made about a canopy at {an address} in 2011, including the complaint record.","February 10, 2012","March 9, 2012",Disclosed in Part: Partially Exempt,9
AG-2012-00241,General Records,Public,A copy of the public health report for {an address} with respect to solvent fumes. File No. 101271.,"February 7, 2012","February 29, 2012",All Disclosed,13
AG-2012-00246,General Records,Public,A copy of the Public Health inspection report regarding mould at {an address}.,"February 10, 2012","March 14, 2012",Disclosed in Part: Partially Exempt,8
AG-2012-00247,General Records,Association,A copy of all regular maintenance and repair cost records for each wading pool and splash pad in Toronto for the past 10 years. Also records showing which wading pools or splash pads were closed because of poor repair over the past 10 years.,"February 13, 2012","March 5, 2012",Disclosed in Part: Partially Exempt,42
AG-2012-00248,General Records,Business,A copy of any financial statements and applications for government assistance relating to the YMCA Daycare at Pinnacle International Centre {an address} which have been submitted to the City of Toronto.,"February 13, 2012","March 5, 2012",All Disclosed,3
AG-2012-00249,General Records,Public,"A copy of any enforcement records including inspections, violations, warnings, charges, and convictions for {an address} from January 2009 to present.","February 9, 2012","March 12, 2012",Disclosed in Part: Partially Exempt,72
AG-2012-00250,General Records,Business,A copy of the building permit file dated 1963 for {an address} relating to fire damage.,"February 13, 2012","March 9, 2012",Disclosed in Part: Partially Exempt,14
AG-2012-00251,Personal Information,Public,"A copy of the fire reports for {an address}. The incidents occurred on May 19, 2011 and May 21, 2011. Fire Report No.'s F11055719 and F11056362.","February 13, 2012","March 14, 2012",Disclosed in Part: Partially Exempt,6
AG-2012-00252,General Records,Business,"A copy of the fire report for {an address}. The incident occurred on January 2, 2012. Fire Report No. F12000754.","February 13, 2012","March 14, 2012",Disclosed in Part: Partially Exempt,11
AG-2012-00253,General Records,Business,"A copy of the fire report for {an address}. The incident occurred on January 3, 2012.","February 13, 2012","March 14, 2012",Disclosed in Part: Partially Exempt,11
AG-2012-00254,General Records,Business,"A copy of the fire report for {an address}, Scarborough. The incident occurred on August 15, 2011.","February 14, 2012","March 14, 2012",Disclosed in Part: Partially Exempt,12
AG-2012-00257,General Records,Public,A copy of the 2011 ML&S inspection reports of {an address}.,"February 10, 2012","February 29, 2012",All Disclosed,12
AG-2012-00260,General Records,Public,A copy of the committee of adjustment decisions for {an address}.,"February 10, 2012","February 27, 2012",Disclosed in Part: Partially Exempt,7
AG-2012-00261,General Records,Public,"A copy of the building files for {an address}, including file no.'s 13172 (51) and 168732 (81).","February 14, 2012","March 5, 2012",Disclosed in Part: Partially Exempt,29
AG-2012-00262,General Records,Public,A copy of records showing which addresses have legal front yard parking that is paid on an annual basis with respect to {two addresses}.,"February 13, 2012","March 14, 2012",Disclosed in Part: Partially Exempt,50
AG-2012-00264,General Records,Public,A copy of all building permits for {an address} since 1920.,"February 10, 2012","March 13, 2012",Disclosed in Part: Partially Exempt,32
AG-2012-00265,General Records,Public,"A copy of the traffic light information for 2 Queen Street West on Feb. 6, 2012. Reference No. 1357561.","February 9, 2012","March 12, 2012",Nothing Disclosed (exemption),0
AG-2012-00266,General Records,Public,"A copy of all building documents for {an address}, including permit no. 08 1123 11 BLD 00NB.","February 9, 2012","March 5, 2012",Disclosed in Part: Partially Exempt,52
AG-2012-00268,General Records,Public,"A video copy of Agenda Item #1 regarding {an address} of the design review panel meeting that was held in Committee Room 2 at City Hall on January 23, 2012.","February 14, 2012","March 7, 2012",All Disclosed,1
AG-2012-00269,General Records,Public,"A copy of documents relating to work completed at {an address}, including cctv camera inspections of the sewer main line, manhole, catch basin, and flushing of city main sewer line.","February 14, 2012","March 6, 2012",Disclosed in Part: Partially Exempt,12
AG-2012-00270,General Records,Public,A copy of the Public Health field notes regarding the visit to {an address} and any phone or email correspondence thereafter. Records between January 2009 and January 2011.,"February 14, 2012","March 8, 2012",All Disclosed,23
AG-2012-00271,General Records,Public,"A copy of building documents relating to {an address}, North York.","February 14, 2012","March 9, 2012",All Disclosed,20
AG-2012-00272,General Records,Business,A copy of all Committee of Adjustment decisions affecting {an address}.,"February 14, 2012","February 17, 2012",All Disclosed,5
AG-2012-00273,General Records,Public,"A copy of the Committee of Adjustment lot severance documents for {an address}, including file no.'s B3/08EYK, A25/08EYK, and A24/08EYK.","February 13, 2012","March 12, 2012",All Disclosed,121
AG-2012-00274,General Records,Public,A copy of all documentation pertaining to the complaint made by {an individual} around 2008 regarding a wood-burning stove at {an address}. Also copies of any follow up records regarding this complaint.,"February 14, 2012","March 14, 2012",Disclosed in Part: Partially Exempt,49
AG-2012-00275,General Records,Public,"A copy of the ""order to comply"" documents regarding water being drained from {an address} to {an address}. These orders were sent to {an address} in December 2008 and January 2012.","February 10, 2012","March 13, 2012",Disclosed in Part: Partially Exempt,35
AG-2012-00277,General Records,Public,"A copy of Centennial Ski Hill and Earl Bales Ski Hill financial records, including financial statements, operating expenses, balance sheet, personnel cost and any other related information.","February 15, 2012","March 14, 2012",All Disclosed,1
AG-2012-00278,General Records,Business,"A copy of the fire report for {an address}, Scarborough. The incident occurred on January 17, 2012. Fire Report No.: F12006411.","February 15, 2012","March 16, 2012",Disclosed in Part: Partially Exempt,3
AG-2012-00279,General Records,Business,"A copy of the fire report for {an address}, Toronto. The incident occurred on February 19, 2012.","February 28, 2012","March 16, 2012",Disclosed in Part: Partially Exempt,7
AG-2012-00281,General Records,Government,"A copy of all building applications, plans for building permits and permits issued at {an address} since 2007.","February 15, 2012","March 5, 2012",All Disclosed,12
AG-2012-00282,General Records,Public,A copy of the fire report for {an address}. Fire Report No. F11095017.,"February 13, 2012","March 14, 2012",Disclosed in Part: Partially Exempt,12
AG-2012-00285,General Records,Public,"A copy of the fire report for {an address}. The incident occurred on February 8, 2012. Fire Report No.: 12014754.","February 15, 2012","March 16, 2012",Disclosed in Part: Partially Exempt,8
AG-2012-00286,General Records,Business,A copy of the fire report for {an address}. There was a building explosion and vehicles in the parking lot were damaged.,"February 23, 2012","March 23, 2012",Disclosed in Part: Partially Exempt,18
AG-2012-00287,General Records,Public,"A copy of the fire report for {an address}. The incident occurred on February 5, 2010. Fire Report No.: F10014187.","February 16, 2012","March 7, 2012",Disclosed in Part: Partially Exempt,13
AG-2012-00288,General Records,Media,"A copy of all invoices, receipts, and other financial records related to promotional material purchased by or on behalf of Mayor Rod Ford since December 1, 2010.","February 16, 2012","March 9, 2012",Abandoned/Withdrawn by Applicant,0
AG-2012-00289,General Records,Public,"A copy of the economical assessment referenced in the attachment 2 of the Mimico By The Lake Implementation Action Memo (September 23, 2009).","February 16, 2012","March 9, 2012",Nothing Disclosed (exemption),0
AG-2012-00290,General Records,Public,"A copy of the building records for {an address}, including file no's 02-124843, 124843 BLD, 124843 BLD, and 124843 BLD. This should include the application and outstanding permit file from 2002 and building inspections that have been completed.","February 16, 2012","March 6, 2012",Disclosed in Part: Partially Exempt,5
AG-2012-00292,General Records,Public,"A copy of the letter sent to {an individual} by Frank Mielewczyk on or about January 30, 2012 regarding {an address}.","February 14, 2012","March 7, 2012",Disclosed in Part: Partially Exempt,3
AG-2012-00293,General Records,Public,"A copy of the Food Safety Inspections, ML&S records and building records for {an address} for the past 5 years.","February 14, 2012","March 13, 2012",Disclosed in Part: Partially Exempt,79
AG-2012-00295,General Records,Public,"A copy of the fire report for {an address}. The incident occurred on July 6, 2010.","February 21, 2012","March 22, 2012",Disclosed in Part: Partially Exempt,44
AG-2012-00296,General Records,Business,"A copy of all correspondence between {an individual} and/or {an individual} with the City of Toronto, including emails with building inspector, John Mignardi, regarding {an address}.","February 21, 2012","March 12, 2012",Disclosed in Part: Partially Exempt,13
AG-2012-00297,General Records,Business,"A copy of any records of work being done or complaints filed regarding sewer and water systems in and around {an address}. Records from March 13 to March 14, 2011.","February 21, 2012","March 22, 2012",Disclosed in Part: Partially Exempt,12
AG-2012-00299,General Records,Public,"A copy of the records pertaining to the finances of Riverdale Farm. Specifically, a detailed operating budget for at least the past three years including all operating costs including labour, maintenance, ect.","February 22, 2012","March 23, 2012",All Disclosed,1
AG-2012-00300,General Records,Public,A copy of the records and committee of adjustment decisions for {an address}.,"February 22, 2012","February 27, 2012",No Records Exist,0
AG-2012-00301,General Records,Public,"A copy of all building records relating to the demolition of {an address} including records relating to the tender and bids received, the contract documents including any issued change orders and the progression and completion of the project.","February 22, 2012","March 22, 2012",Disclosed in Part: Partially Exempt,1251
AG-2012-00303,General Records,Public,A copy of the document giving authority to {an individual} (signed by the owner of {an address} and the document from {an individual} requesting change of address in 2009 for {an address}.,"February 22, 2012","March 13, 2012",All Disclosed,4
AG-2012-00304,General Records,Public,"A copy of the RESCU traffic camera #78 (north and south) at Lawrence Avenue and the DVP on February 13, 2012 between 10:25 a.m. and 10:35 a.m.","February 22, 2012","February 28, 2012",All Disclosed,6
AG-2012-00305,General Records,Business,"A copy of documents from fire services including agreements, WBS printouts, RFQ or RFP or other documentation defining deliverables required from Intergraph Canada for the BI Project, analysis of CAD reports or maintenance requests, etc.","February 22, 2012","March 23, 2012",All Disclosed,17
AG-2012-00306,General Records,Business,"A copy of the fire report for the motor vehicle accident at Neilson Road and McLevin. The incident occurred on September 2, 2010 around 6:00 p.m.","February 22, 2012","March 23, 2012",Disclosed in Part: Partially Exempt,4
AG-2012-00311,General Records,Business,"A copy of records used as sources of information in the document entitled ""Implementation Guidelines for Section 37 of the Planning Act and Protocol for Negotiating Section 37 Community Benefits"" of the City Planning Division, Policy and Research Section.","February 22, 2012","March 23, 2012",No Records Exist,0
AG-2012-00314,General Records,Public,"A copy of all records of enforcement activities including inspections, violations, warnings, charges, and convictions for {an address} from 2009 to present.","February 23, 2012","March 19, 2012",Disclosed in Part: Partially Exempt,67
AG-2012-00315,General Records,Public,"A copy of all records of enforcement activities including inspections, violations, warnings, charges, and convictions for {an address} from 2009 to present.","February 23, 2012","March 20, 2012",Disclosed in Part: Partially Exempt,169
AG-2012-00316,General Records,Public,"A copy of all records of enforcement activities including inspections, violations, warnings, charges, and convictions for {an address} from 2009 to present.","February 23, 2012","March 12, 2012",Disclosed in Part: Partially Exempt,32
AG-2012-00317,General Records,Public,"A copy of all records of enforcement activities including inspections, violations, warnings, charges, and convictions for {an address} from 2009 to present.","February 23, 2012","March 12, 2012",Disclosed in Part: Partially Exempt,16
AG-2012-00319,General Records,Business,"A copy of the building inspection report and notes from the building inspector Karl Pfeiffer as they pertain to the January 10, 2011 inspection of {an address}.","February 23, 2012","March 7, 2012",Disclosed in Part: Partially Exempt,3
AG-2012-00320,General Records,Public,"A copy of the building file no.'s 01-193245-ZPR-00+01 and 04-145472ZPR 00, including the review reports on PPR for {an address}.","February 21, 2012","March 23, 2012",Disclosed in Part: Partially Exempt,9
AG-2012-00321,General Records,Public,A copy of all building records for {an address} from 1970 to present. Including any reference to party wall agreements.  Also all minor variance applications from 1970s to present.,"February 23, 2012","March 21, 2012",Disclosed in Part: Partially Exempt,70
AG-2012-00322,General Records,Public,"A copy of the fire report for {an address}, Toronto. The incident occurred on August 13, 2008. Fire Report No. F08091734.","February 22, 2012","March 23, 2012",Disclosed in Part: Partially Exempt,6
AG-2012-00323,General Records,Public,"A copy of the fire report for the motor vehicle accident on Woodbine Avenue and Queen Street. The incident occurred on July 15, 2008.","February 22, 2012","March 23, 2012",Disclosed in Part: Partially Exempt,4
AG-2012-00324,General Records,Business,"A copy of the fire report for {an address}. The incident occurred on March 17, 2006. Fire Report No. F06028215.","February 23, 2012","March 23, 2012",Disclosed in Part: Partially Exempt,6
AG-2012-00325,General Records,Association,"A list of all entities licensed to sell food and drink located at, operating at and/or affiliated with {an address}.","February 23, 2012","March 13, 2012",All Disclosed,6
AG-2012-00327,General Records,Public,"A copy of the fire report for {an address}. The incident occurred on January 14, 2012. Fire Report No. F12005182.","February 23, 2012","February 29, 2012",Disclosed in Part: Partially Exempt,2
AG-2012-00330,General Records,Public,"A copy of the fire report for {an address}. The incident occurred on June 3, 2010.","February 28, 2012","March 26, 2012",Disclosed in Part: Partially Exempt,12
AG-2012-00333,General Records,Business,"A copy of the fire report for Yorkdale Shopping Centre. The incident occurred on October 21, 2011. Fire Report No. F1137580.","February 24, 2012","March 26, 2012",Disclosed in Part: Partially Exempt,6
AG-2012-00334,General Records,Business,"A copy of the fire report for {an address}, Scarborough. The incident occurred on January 26, 2012.","February 24, 2012","March 26, 2012",Disclosed in Part: Partially Exempt,7
AG-2012-00335,General Records,Business,"A copy of the fire report for {an address}. The incident occurred on May 8, 2011.","February 24, 2012","March 26, 2012",Disclosed in Part: Partially Exempt,7
AG-2012-00336,General Records,Public,"A copy of all building records (including any reference to party wall agreements) for {an address} from 1970 to present.  Also, all minor variance applications from 1970s to present.","February 23, 2012","March 19, 2012",Disclosed in Part: Partially Exempt,43
AG-2012-00337,General Records,Public,"A copy of the file no. A0331/05 TEY letter dated April 25, 2005 from {an individual} to {an individual} regarding the application for minor variance {four addresses}.","February 24, 2012","March 27, 2012",All Disclosed,4
AG-2012-00338,General Records,Public,A copy of the files related to reference no.'s 1337555 and 12109238 regarding a contaminated water complaint made to 311.,"February 22, 2012","March 23, 2012",Disclosed in Part: No Records Exist,7
AG-2012-00339,General Records,Media,"A copy of all reports and appendices held by the City Manager's Office which were prepared for or by the city relating to the 2015 Pan American Games. All records prepared and/or received from September 1, 2011 to present.","February 24, 2012","March 26, 2012",Disclosed in Part: Partially Exempt,44
AG-2012-00340,General Records,Media,"A copy of records held by the Deputy City Manager and CFO's Office including documents, memos, emails, letters, spreadsheets, reports, and powerpoint presentations regarding buyout packages for the Chief of Police and TTC head.","February 24, 2012","March 20, 2012",No Records Exist,0
AG-2012-00341,General Records,Public,"A copy of the dog bite records for the incident that occurred on September 16, 2011 around {an address}. Including all witness statements, reports, field notes, photographs, videos, and any prior incidents involving the dog at {an address}.","February 27, 2012","March 26, 2012",No Records Exist,0
AG-2012-00342,General Records,Business,"A copy of all Toronto Water records regarding {an address} including information contained in plan summaries, reports, surveys, and monitoring, inspection and sampling activities for the property. Also records pertaining to a dry cleaning business.","February 27, 2012","March 28, 2012",Disclosed in Part: Partially Exempt,15
AG-2012-00343,General Records,Business,A copy of any records showing outstanding charges for weed cutting or hedge cutting at {an address}.,"February 27, 2012","March 28, 2012",No Records Exist,0
AG-2012-00344,General Records,Business,"A copy of the fire report for {an address}, East York. The incident occurred on December 8, 2011.","February 27, 2012","March 28, 2012",Disclosed in Part: Partially Exempt,29
AG-2012-00345,General Records,Business,"A copy of the building permit file no.: 11-151866 BLD for {an address}, including all inspector notes, applications, reports, etc.","February 27, 2012","March 14, 2012",Disclosed in Part: Partially Exempt,133
AG-2012-00346,General Records,Public,"A copy of the following fire reports: F06122966, F06059451, and F06061364.","February 27, 2012","March 30, 2012",Disclosed in Part: Partially Exempt,12
AG-2012-00347,General Records,Public,A copy of the building inspection notes regarding building file no. 05-122917 Bld.,"February 27, 2012","March 7, 2012",Disclosed in Part: Partially Exempt,3
AG-2012-00348,General Records,Public,A copy of all inspection records regarding the City owned tree at {an address} and all records of calls and correspondence from the public regarding the tree.,"February 28, 2012","March 26, 2012",Disclosed in Part: Partially Exempt,5
AG-2012-00349,General Records,Business,"A copy of the records relating to the sewer back up at {an address}. The back up incident occurred on April 30, 2011. Including the report on the cause of the incident and maintenance records leading up to the incident.","February 28, 2012","March 28, 2012",All Disclosed,62
AG-2012-00354,General Records,Public,A copy of any records indicating that a building permit was requested for {an address}.,"February 24, 2012","March 13, 2012",Disclosed in Part: Partially Exempt,7
AG-2012-00355,General Records,Public,A copy of the building inspection reports regarding {an address}.,"February 24, 2012","March 13, 2012",Disclosed in Part: Partially Exempt,25
AG-2012-00356,General Records,Public,A copy of the building applications for {an address}.,"February 24, 2012","March 23, 2012",No Records Exist,0
AG-2012-00357,General Records,Public,A copy of the building permit application for renovation and addition issued for {an address}.,"February 28, 2012","March 27, 2012",Disclosed in Part: Partially Exempt,36
AG-2012-00358,General Records,Public,A copy of all water bills for {an address} for the past 12 to 24 months.,"February 28, 2012","March 28, 2012",All Disclosed,17
AG-2012-00360,General Records,Business,"A copy of the food inspection report that was completed due to the investigation of the illness/outbreak at the Eglinton Grand Banquet Hall on November 25, 2011.","February 29, 2012","March 27, 2012",All Disclosed,17
AG-2012-00361,General Records,Public,"A copy of any zoning violations, complaints lodged, visits by inspectors at {an address} between January 2008 and January 31, 2012.","February 29, 2012","March 27, 2012",No Records Exist,0
AG-2012-00362,General Records,Business,"A copy of the fire report for {an address}. The incident occurred on February 21, 2012.","February 29, 2012","March 30, 2012",Disclosed in Part: Partially Exempt,14
AG-2012-00368,General Records,Public,"A copy of the accident report for {an address} from Parks & Facilities Earl Bales Ski Park on February 25, 2012 at 2:30 p.m.","February 29, 2012","March 14, 2012",Disclosed in Part: Partially Exempt,2
AG-2012-00369,General Records,Public,"A copy of the health report for {an address} between October 5 and October 31, 2010.","February 27, 2012","March 26, 2012",Disclosed in Part: Partially Exempt,3
AG-2012-00370,General Records,Public,A copy of the building permit for {an address} issued in 2001 and completed in 2003. Also the name and contact information of the contractor.,"February 27, 2012","March 28, 2012",Disclosed in Part: Partially Exempt,5
AG-2012-00371,General Records,Business,"A copy of the fire inspection prevention report related to the inspection at {an address}, including all related documents. The inspection was completed on Feb. 7, 2012 by Scott Campbell.","March 1, 2012","March 30, 2012",Disclosed in Part: Partially Exempt,21
AG-2012-00375,General Records,Public,A copy of building inspection report filed for outside construction at {an address}including details on who placed the complaint.  The inspection was done in February 2012 by John Genys.,"February 29, 2012","March 28, 2012",Disclosed in Part: Partially Exempt,3
AG-2012-00376,General Records,Public,A copy of 311 calls that have come from callers living at {an address} about elevators for the past 6 months.,"March 1, 2012","March 29, 2012",Disclosed in Part: Partially Exempt,24
AG-2012-00377,General Records,Public,"A copy of building permits for No. 9401061, 9430158, 9430202 for {an address}., Scarborough.","February 29, 2012","March 29, 2012",Disclosed in Part: Partially Exempt,5
AG-2012-00379,General Records,Public,"A copy of all inspection reports, photos, correspondence, project construction deficiencies and inspection notes from January 1, 2009 to June 1, 2011 regarding {an address}.","March 1, 2012","March 16, 2012",Disclosed in Part: Partially Exempt,102
AG-2012-00380,General Records,Public,"A copy of all Toronto Water records relating to {an address} after September 1, 2010. Reference no's: 708391, 784795, 786380, 809505, and work order no's: 401195 and 408954.","March 2, 2012","March 22, 2012",Disclosed in Part: Partially Exempt,18
AG-2012-00381,General Records,Public,"A copy of all ML&S violation records for {an address}, including inspections, findings, orders, pictures, and records of non-compliance.","March 2, 2012","March 30, 2012",Disclosed in Part: Partially Exempt,56
AG-2012-00382,General Records,Public,A copy of all building permits and applications requesting alterations to {an address}.,"March 5, 2012","March 29, 2012",Disclosed in Part: Partially Exempt,29
AG-2012-00389,General Records,Public,"A copy of the fire report for {an address. The incident occurred on December 17, 2011.","March 2, 2012","March 30, 2012",Disclosed in Part: Partially Exempt,13
AG-2012-00390,General Records,Business,"A copy of the fire report for {an address}. The incident occurred on February 26, 2012.","March 5, 2012","March 30, 2012",Disclosed in Part: Partially Exempt,15
AG-2012-00394,General Records,Business,"A copy of the fire report for {an address}. The incident occurred on February 26, 2012.","March 6, 2012","March 30, 2012",Disclosed in Part: No Records Exist,15
AG-2012-00395,General Records,Public,"A copy of all health records involving contact with {an individual} and/or property management of {an address} concerning asbestos from December 2011 to January 23, 2012.","March 1, 2012","March 14, 2012",Disclosed in Part: Partially Exempt,21
AG-2012-00403,General Records,Public,"A copy of the heating compliance records relating to {an address}. There were ML&S inspections on February 28 and 29, 2012.","March 2, 2012","March 29, 2012",Disclosed in Part: Partially Exempt,4
AG-2012-00405,General Records,Public,A copy of the Public Health report regarding {an address}.,"March 6, 2012","March 29, 2012",Disclosed in Part: Partially Exempt,4
AG-2012-00416,General Records,Public,"A copy of all building records and correspondence for {an address}, including documents related the alterations around 1992-1993.","March 6, 2012","March 29, 2012",Disclosed in Part: Partially Exempt,84
AG-2012-00429,General Records,Public,A copy of the complaint email sent to ML&S regarding the dog living at {an address}.,"March 7, 2012","March 29, 2012",Disclosed in Part: Partially Exempt,6
AG-2012-00430,General Records,Public,"A copy of all reports and notes from Building and ML&S inspectors regarding {an address}, including dates of all inspections.","March 9, 2012","March 30, 2012",Disclosed in Part: No Records Exist,25
AG-2012-00432,General Records,Business,"A copy of the photographs from the red light camera located at Warden Avenue and Cloverleaf Gt. on July 2, 2011 at approximately 4:00 p.m.","March 12, 2012","March 22, 2012",Disclosed in Part: Partially Exempt,3
AG-2012-00440,General Records,Public,A copy of any permits before 1990 regarding zoning and the use of {an address}.,"March 12, 2012","March 29, 2012",Disclosed in Part: Partially Exempt,7
AG-2012-00501,General Records,Public,"A copy of all computerized building records relating to {an address}, including inspection notes, records or any other electroniclly stored information.","March 21, 2012","March 26, 2012",All Disclosed,39
AG-2012-00505,General Records,Public,"A copy of the fire report for {an address}. The incident occurred on September 25, 2006. The fire report no. F06106816.","March 21, 2012","March 30, 2012",Disclosed in Part: Partially Exempt,4
AP-2012-00002,Personal Information,Public,A copy of the Ontario Works file for {an individual}.,"January 3, 2012","March 14, 2012",Disclosed in Part: Partially Exempt,290
AP-2012-00003,Personal Information,Public,A copy of the Ontario Works file for {an individual}.,"January 4, 2012","March 21, 2012",Disclosed in Part: Partially Exempt,137
AP-2012-00011,Personal Information,Public,A copy of the Ontario Works file for {an individual}.,"January 4, 2012","March 29, 2012",Disclosed in Part: Partially Exempt,447
AP-2012-00016,Personal Information,Public,A copy of the child support agreement set up in February 2006 with the TESS Family Support Office regarding {an individual}.,"January 5, 2012","February 27, 2012",All Disclosed,3
AP-2012-00033,Personal Information,Public,A copy of the Ontario Works file for {an individual}.,"January 6, 2012","March 28, 2012",Disclosed in Part: Partially Exempt,374
AP-2012-00034,Personal Information,Public,A copy of the Ontario Works file for {an individual}.,"January 6, 2012","March 21, 2012",Disclosed in Part: Partially Exempt,151
AP-2012-00035,Personal Information,Public,A copy of the Ontario Works file for {an individual}.,"January 9, 2012","March 13, 2012",All Disclosed,124
AP-2012-00036,Personal Information,Public,A copy of the Ontario Works file for {an individual}.,"January 5, 2012","March 22, 2012",Disclosed in Part: Partially Exempt,461
AP-2012-00037,Personal Information,Public,A copy of the Ontario Works file for {an individual} from January 2008 to present.,"January 9, 2012","March 13, 2012",All Disclosed,240
AP-2012-00038,Personal Information,Public,A copy of the Ontario Works file for {an individual}.,"January 10, 2012","March 15, 2012",All Disclosed,241
AP-2012-00043,Personal Information,Public,A list of all caseworkers associated with {an individual} since 1987.,"January 6, 2012","March 9, 2012",All Disclosed,1
AP-2012-00054,Personal Information,Public,A copy of the Ontario Works file for {an individual}.,"January 10, 2012","March 15, 2012",All Disclosed,309
AP-2012-00055,Personal Information,Public,A copy of the Ontario Works file for {an individual} from 2000 to present.,"January 11, 2012","March 23, 2012",All Disclosed,221
AP-2012-00056,Personal Information,Public,A copy of the Ontario Works file for {an individual}.,"January 11, 2012","February 24, 2012",Disclosed in Part: Partially Exempt,311
AP-2012-00069,Personal Information,Public,A copy of the Ontario Works file for {an individual}.,"January 16, 2012","March 20, 2012",Disclosed in Part: Partially Exempt,686
AP-2012-00070,Personal Information,Public,A copy of the Ontario Works file for {an individual}.,"January 16, 2012","March 2, 2012",Disclosed in Part: Partially Exempt,71
AP-2012-00071,Personal Information,Public,A copy of the Ontario Works file for {an individual}.,"January 16, 2012","March 16, 2012",All Disclosed,215
AP-2012-00072,Personal Information,Public,"A copy of the complete employee file for {an employee} including all notes written by management, minutes from meetings, and briefing notes.","January 12, 2012","February 28, 2012",Disclosed in Part: Partially Exempt,131
AP-2012-00073,Personal Information,Public,A copy of the Ontario Works file for {an individual}.,"January 17, 2012","March 28, 2012",Disclosed in Part: Partially Exempt,750
AP-2012-00074,Personal Information,Public,A copy of the Ontario Works file for {an individual}.,"January 17, 2012","March 16, 2012",Disclosed in Part: Partially Exempt,181
AP-2012-00085,Personal Information,Public,A copy of the employment file for {an individual}.,"January 18, 2012","February 14, 2012",All Disclosed,54
AP-2012-00102,Personal Information,Public,"A copy of all medical records, clinical notes, dental records and files regarding {an individual} during her stay at {an address}.","January 19, 2012","February 16, 2012",Disclosed in Part: Partially Exempt,2345
AP-2012-00111,Personal Information,Public,"A copy of the Ontario Works file for {an individual} from January 3, 2006 to present.","January 19, 2012","March 16, 2012",Disclosed in Part: Partially Exempt,443
AP-2012-00112,Personal Information,Public,A copy of the Ontario Works file for {an individual}.,"January 19, 2012","February 9, 2012",Abandoned/Withdrawn by Applicant,0
AP-2012-00121,Personal Information,Public,A copy of the employment file for {an individual}.,"January 24, 2012","February 16, 2012",Disclosed in Part: Partially Exempt,203
AP-2012-00122,Personal Information,Public,A copy of the employment file for {an individual}.,"January 24, 2012","February 21, 2012",Disclosed in Part: No Records Exist,564
AP-2012-00124,Personal Information,Public,A copy of documents from the employment or employee assistance file for {an individual} between 1996 to 1998.,"January 23, 2012","February 6, 2012",All Disclosed,6
AP-2012-00129,Personal Information,Public,A copy of employment records for {an individual}.,"January 24, 2012","February 22, 2012",Disclosed in Part: Partially Exempt,100
AP-2012-00136,Personal Information,Public,A copy of the Ontario Works file for {an individual}.,"January 23, 2012","March 19, 2012",Disclosed in Part: Partially Exempt,144
AP-2012-00138,Personal Information,Public,A copy of the Ontario Works file for {an individual}.,"January 24, 2012","February 14, 2012",Transferred Out in Full,0
AP-2012-00160,Personal Information,Public,"A copy of payroll records for {an employee}, including a complete breakdown of sick bank time used following the accident on May 9, 2011.","January 27, 2012","February 17, 2012",All Disclosed,2
AP-2012-00161,Personal Information,Public,A copy of the Facilities Management file regarding {an individual}.,"January 27, 2012","February 23, 2012",Disclosed in Part: Partially Exempt,53
AP-2012-00163,Personal Information,Public,A copy of the Ontario Works file for {an individual} from 2006 to present.,"January 27, 2012","March 20, 2012",Disclosed in Part: Partially Exempt,98
AP-2012-00164,Personal Information,Public,A copy of the Ontario Works file for {an individual} from 2005 to present.,"January 27, 2012","March 23, 2012",All Disclosed,212
AP-2012-00165,Personal Information,Public,A copy of the Ontario Works file for {an individual}.,"January 27, 2012","March 22, 2012",Disclosed in Part: Partially Exempt,160
AP-2012-00172,Personal Information,Public,"copy of all notes, letters, files regarding the final report from the 2005 harassment complaint  filed by {an individual} and investigated by Rob Ford, including all photos that may have been taken before, on, or after November 7, 2011.","January 30, 2012","February 22, 2012",Disclosed in Part: No Records Exist,36
AP-2012-00186,Personal Information,Public,A copy of the Ontario Works file for {an individual} from 2008 to present.,"February 1, 2012","March 22, 2012",All Disclosed,104
AP-2012-00187,Personal Information,Public,A copy of past employment information for {an individual} including start and end dates and breaks in services.,"February 1, 2012","February 28, 2012",No Records Exist,0
AP-2012-00197,Personal Information,Public,A copy of the Ontario Works file for {an individual} from 2005 to present.,"February 2, 2012","March 23, 2012",Disclosed in Part: Partially Exempt,119
AP-2012-00198,Personal Information,Public,A copy of the Ontario Works file for {an individual}.,"February 3, 2012","March 30, 2012",All Disclosed,328
AP-2012-00209,Personal Information,Public,A copy of the employment file for {an individual}.,"February 3, 2012","February 29, 2012",Disclosed in Part: Partially Exempt,45
AP-2012-00216,Personal Information,Public,A copy of the employment file for {an address}.,"February 7, 2012","March 9, 2012",Disclosed in Part: Partially Exempt,230
AP-2012-00218,Personal Information,Public,A copy of the Ontario Works file for {an individual} for the past 5 years.,"February 7, 2012","March 23, 2012",All Disclosed,435
AP-2012-00229,Personal Information,Public,A copy of the Ontario Works file for {an individual}.,"February 8, 2012","February 21, 2012",Transferred Out in Full,0
AP-2012-00242,Personal Information,Public,A copy of the employment file for {an individual}.,"February 10, 2012","March 8, 2012",All Disclosed,14
AP-2012-00244,Personal Information,Public,"A copy of the Ontario Works file for {an individual} from August 18, 2004 to present date.","February 10, 2012","February 27, 2012",No Records Exist,0
AP-2012-00256,Personal Information,Public,A copy of the Ontario Works file for {an individual} from 2007 to 2012.,"February 10, 2012","March 1, 2012",Disclosed in Part: Partially Exempt,535
AP-2012-00263,Personal Information,Public,"A copy of the employment file for {an individual}, specifically a record of all time taken off through maternity leave, part-time work, and 3 or 4 years off.","February 13, 2012","March 7, 2012",All Disclosed,19
AP-2012-00276,Personal Information,Public,A copy of the employment file for {an individual}.,"February 15, 2012","March 13, 2012",All Disclosed,60
AP-2012-00283,Personal Information,Public,A copy of the Ontario Works file for {an individual}.,"February 13, 2012","March 12, 2012",Disclosed in Part: Partially Exempt,398
AP-2012-00284,Personal Information,Public,A copy of the Ontario Works file for {an individual}.,"February 16, 2012","March 30, 2012",Disclosed in Part: Partially Exempt,221
AP-2012-00309,Personal Information,Public,A copy of the Ontario Works file for {an individual}.,"February 22, 2012","March 29, 2012",All Disclosed,79
AP-2012-00312,Personal Information,Public,A copy of the employment file for {an employee} from 2006 to present.,"February 23, 2012","March 15, 2012",All Disclosed,52
AP-2012-00313,Personal Information,Public,A copy of the personnel file of {an individual}. He was involved with Barbara Hall's mayoral campaign.,"February 23, 2012","March 15, 2012",No Records Exist,0
AP-2012-00329,Personal Information,Public,A copy of the employment file for {an employee}.,"February 24, 2012","March 19, 2012",All Disclosed,83
AP-2012-00332,Personal Information,Public,A copy of the Ontario Works file for {an individual} from 2002 to present.,"February 24, 2012","March 30, 2012",Disclosed in Part: Partially Exempt,524
AP-2012-00350,Personal Information,Public,A copy of the employment file for {an employee}.,"February 28, 2012","March 22, 2012",All Disclosed,243
AP-2012-00352,Personal Information,Public,A copy of the Ontario Works file for {an individual}.,"February 28, 2012","March 8, 2012",Transferred Out in Full,0
AP-2012-00367,Personal Information,Public,A copy of the Ontario Works file for {an individual}.,"March 1, 2012","March 14, 2012",Transferred Out in Full,0
AP-2012-00374,Personal Information,Public,A copy of the Ontario Works file for {an individual} from 2005 to present.,"March 2, 2012","March 14, 2012",Transferred Out in Full,0
AP-2012-00384,Personal Information,Public,"A copy of the employment file for {an employee} from June 8, 2011 to present.","March 5, 2012","March 28, 2012",All Disclosed,18
AP-2012-00385,Personal Information,Public,A copy of the employment file for {an employee} from 2006 to present.,"March 5, 2012","March 29, 2012",Disclosed in Part: Partially Exempt,109
AP-2012-00412,Personal Information,Public,A copy of the Ontario Works file for {an individual} from 2005 to present.,"March 7, 2012","March 20, 2012",No Records Exist,0
AP-2012-00422,Personal Information,Public,A copy of the Ontario Works file for {an individual}.,"March 8, 2012","March 28, 2012",Transferred Out in Full,0
AP-2012-00439,Personal Information,Public,A copy of the Ontario Works file for {an individual}.,"March 9, 2012","March 30, 2012",Transferred Out in Full,0
AP-2012-00470,Personal Information,Public,A copy of the Ontario Works file for {an individual} from 2006 to present.,"March 16, 2012","March 30, 2012",Transferred Out in Full,0
AP-2012-00487,Personal Information,Public,A copy of the invoice from DeMarco Funeral Home for the services performed on {a deceased individual}.,"March 20, 2012","March 21, 2012",Abandoned/Withdrawn by Applicant,0
PHI-2012-00026,Personal Health Information,Public,A copy of any and all documents from Public Health related to {an individual} between March 2010 and present. Documents may include medical records relating to hepatitis c.,"January 3, 2012","February 2, 2012",All Disclosed,24
PHI-2012-00079,Personal Health Information,Public,"A copy of the EMS records related to the incident at {an address}. The incident occurred on August 31, 2011 and involved {an individual}.","January 16, 2012","February 7, 2012",All Disclosed,7
PHI-2012-00195,Personal Health Information,Public,"A copy of the file from Bendale Acres for {an individual}, including any counseling notes and records.","February 2, 2012","March 9, 2012",All Disclosed,303
PHI-2012-00291,Personal Health Information,Public,"A copy of the Castleview Wychwood Towers file for {an individual} from January 1, 2007 to present.","February 17, 2012","March 2, 2012",All Disclosed,161
